{
  "$schema": "https://schema.management.azure.com/schemas/2019-04-01/deploymentParameters.json#",
  "contentVersion": "1.0.0.0",
  "parameters": {
    "environmentName": { "value": "${AZURE_ENV_NAME}" },
    "location": { "value": "${AZURE_LOCATION}" },
    "resourceGroupName": { "value": "rg-${AZURE_ENV_NAME}" },
    "SQLALCHEMY_DATABASE_URI": { "value": "" },
    "UPLOAD_FOLDER": { "value": "" },
    "MAX_CONTENT_LENGTH": { "value": "" },
    "SECRET_KEY": { "value": "" }
  }
}
